"Subject","Start Date","Start Time","End Date","End Time","All day event","Description","Show time as","Location"
"הַדְלָקַת נֵרוֹת","26/9/2025","18:14","26/9/2025","18:14","false","פָּרָשַׁת וַיֵּלֶךְ","4","Ramat Gan"
"פָּרָשַׁת וַיֵּלֶךְ","27/9/2025",,,,"true","שַׁבָּת שׁוּבָה","3","Torah Reading"
"הַבְדָּלָה","27/9/2025","19:07","27/9/2025","19:07","false","","4","Ramat Gan"
"הַדְלָקַת נֵרוֹת","3/10/2025","18:05","3/10/2025","18:05","false","פָּרָשַׁת הַאֲזִינוּ","4","Ramat Gan"
"פָּרָשַׁת הַאֲזִינוּ","4/10/2025",,,,"true","","3","Torah Reading"
"הַבְדָּלָה","4/10/2025","18:58","4/10/2025","18:58","false","","4","Ramat Gan"
"הַדְלָקַת נֵרוֹת","10/10/2025","17:56","10/10/2025","17:56","false","פָּרָשַׁת סוּכּוֹת שַׁבָּת חוֹל הַמּוֹעֵד","4","Ramat Gan"
"הַבְדָּלָה","11/10/2025","18:49","11/10/2025","18:49","false","","4","Ramat Gan"
"הַדְלָקַת נֵרוֹת","17/10/2025","17:47","17/10/2025","17:47","false","פָּרָשַׁת בְּרֵאשִׁית","4","Ramat Gan"
"פָּרָשַׁת בְּרֵאשִׁית","18/10/2025",,,,"true","","3","Torah Reading"
"הַבְדָּלָה","18/10/2025","18:41","18/10/2025","18:41","false","","4","Ramat Gan"
"הַדְלָקַת נֵרוֹת","24/10/2025","17:40","24/10/2025","17:40","false","פָּרָשַׁת נֹחַ","4","Ramat Gan"
"פָּרָשַׁת נֹחַ","25/10/2025",,,,"true","","3","Torah Reading"
"הַבְדָּלָה","25/10/2025","18:34","25/10/2025","18:34","false","","4","Ramat Gan"
"הַדְלָקַת נֵרוֹת","31/10/2025","16:33","31/10/2025","16:33","false","פָּרָשַׁת לֶךְ־לְךָ","4","Ramat Gan"
"פָּרָשַׁת לֶךְ־לְךָ","1/11/2025",,,,"true","","3","Torah Reading"
"הַבְדָּלָה","1/11/2025","17:28","1/11/2025","17:28","false","","4","Ramat Gan"
"הַדְלָקַת נֵרוֹת","7/11/2025","16:27","7/11/2025","16:27","false","פָּרָשַׁת וַיֵּרָא","4","Ramat Gan"
"פָּרָשַׁת וַיֵּרָא","8/11/2025",,,,"true","","3","Torah Reading"
"הַבְדָּלָה","8/11/2025","17:23","8/11/2025","17:23","false","","4","Ramat Gan"
"הַדְלָקַת נֵרוֹת","14/11/2025","16:23","14/11/2025","16:23","false","פָּרָשַׁת חַיֵּי שָֹרָה","4","Ramat Gan"
"פָּרָשַׁת חַיֵּי שָֹרָה","15/11/2025",,,,"true","","3","Torah Reading"
"הַבְדָּלָה","15/11/2025","17:19","15/11/2025","17:19","false","","4","Ramat Gan"
"הַדְלָקַת נֵרוֹת","21/11/2025","16:20","21/11/2025","16:20","false","פָּרָשַׁת תּוֹלְדוֹת","4","Ramat Gan"
"פָּרָשַׁת תּוֹלְדוֹת","22/11/2025",,,,"true","","3","Torah Reading"
"הַבְדָּלָה","22/11/2025","17:17","22/11/2025","17:17","false","","4","Ramat Gan"
"הַדְלָקַת נֵרוֹת","28/11/2025","16:18","28/11/2025","16:18","false","פָּרָשַׁת וַיֵּצֵא","4","Ramat Gan"
"פָּרָשַׁת וַיֵּצֵא","29/11/2025",,,,"true","","3","Torah Reading"
"הַבְדָּלָה","29/11/2025","17:15","29/11/2025","17:15","false","","4","Ramat Gan"
"הַדְלָקַת נֵרוֹת","5/12/2025","16:17","5/12/2025","16:17","false","פָּרָשַׁת וַיִּשְׁלַח","4","Ramat Gan"
"פָּרָשַׁת וַיִּשְׁלַח","6/12/2025",,,,"true","","3","Torah Reading"
"הַבְדָּלָה","6/12/2025","17:16","6/12/2025","17:16","false","","4","Ramat Gan"
"הַדְלָקַת נֵרוֹת","12/12/2025","16:18","12/12/2025","16:18","false","פָּרָשַׁת וַיֵּשֶׁב","4","Ramat Gan"
"פָּרָשַׁת וַיֵּשֶׁב","13/12/2025",,,,"true","","3","Torah Reading"
"הַבְדָּלָה","13/12/2025","17:17","13/12/2025","17:17","false","","4","Ramat Gan"
"הַדְלָקַת נֵרוֹת","19/12/2025","16:21","19/12/2025","16:21","false","פָּרָשַׁת מִקֵּץ","4","Ramat Gan"
"פָּרָשַׁת מִקֵּץ","20/12/2025",,,,"true","רֹאשׁ חוֹדֶשׁ טֵבֵת","3","Torah Reading"
"הַבְדָּלָה","20/12/2025","17:20","20/12/2025","17:20","false","","4","Ramat Gan"
"הַדְלָקַת נֵרוֹת","26/12/2025","16:25","26/12/2025","16:25","false","פָּרָשַׁת וַיִּגַּשׁ","4","Ramat Gan"
"פָּרָשַׁת וַיִּגַּשׁ","27/12/2025",,,,"true","","3","Torah Reading"
"הַבְדָּלָה","27/12/2025","17:24","27/12/2025","17:24","false","","4","Ramat Gan"
"הַדְלָקַת נֵרוֹת","2/1/2026","16:29","2/1/2026","16:29","false","פָּרָשַׁת וַיְחִי","4","Ramat Gan"
"פָּרָשַׁת וַיְחִי","3/1/2026",,,,"true","","3","Torah Reading"
"הַבְדָּלָה","3/1/2026","17:28","3/1/2026","17:28","false","","4","Ramat Gan"
"הַדְלָקַת נֵרוֹת","9/1/2026","16:35","9/1/2026","16:35","false","פָּרָשַׁת שְׁמוֹת","4","Ramat Gan"
"פָּרָשַׁת שְׁמוֹת","10/1/2026",,,,"true","","3","Torah Reading"
"הַבְדָּלָה","10/1/2026","17:34","10/1/2026","17:34","false","","4","Ramat Gan"
"הַדְלָקַת נֵרוֹת","16/1/2026","16:41","16/1/2026","16:41","false","פָּרָשַׁת וָאֵרָא","4","Ramat Gan"
"פָּרָשַׁת וָאֵרָא","17/1/2026",,,,"true","","3","Torah Reading"
"הַבְדָּלָה","17/1/2026","17:39","17/1/2026","17:39","false","","4","Ramat Gan"
"הַדְלָקַת נֵרוֹת","23/1/2026","16:48","23/1/2026","16:48","false","פָּרָשַׁת בֹּא","4","Ramat Gan"
"פָּרָשַׁת בֹּא","24/1/2026",,,,"true","","3","Torah Reading"
"הַבְדָּלָה","24/1/2026","17:45","24/1/2026","17:45","false","","4","Ramat Gan"
"הַדְלָקַת נֵרוֹת","30/1/2026","16:54","30/1/2026","16:54","false","פָּרָשַׁת בְּשַׁלַּח","4","Ramat Gan"
"פָּרָשַׁת בְּשַׁלַּח","31/1/2026",,,,"true","שַׁבָּת שִׁירָה","3","Torah Reading"
"הַבְדָּלָה","31/1/2026","17:51","31/1/2026","17:51","false","","4","Ramat Gan"
"הַדְלָקַת נֵרוֹת","6/2/2026","17:00","6/2/2026","17:00","false","פָּרָשַׁת יִתְרוֹ","4","Ramat Gan"
"פָּרָשַׁת יִתְרוֹ","7/2/2026",,,,"true","","3","Torah Reading"
"הַבְדָּלָה","7/2/2026","17:57","7/2/2026","17:57","false","","4","Ramat Gan"
"הַדְלָקַת נֵרוֹת","13/2/2026","17:07","13/2/2026","17:07","false","פָּרָשַׁת מִּשְׁפָּטִים","4","Ramat Gan"
"פָּרָשַׁת מִּשְׁפָּטִים","14/2/2026",,,,"true","שַׁבָּת שְׁקָלִים","3","Torah Reading"
"הַבְדָּלָה","14/2/2026","18:03","14/2/2026","18:03","false","","4","Ramat Gan"
"הַדְלָקַת נֵרוֹת","20/2/2026","17:13","20/2/2026","17:13","false","פָּרָשַׁת תְּרוּמָה","4","Ramat Gan"
"פָּרָשַׁת תְּרוּמָה","21/2/2026",,,,"true","","3","Torah Reading"
"הַבְדָּלָה","21/2/2026","18:09","21/2/2026","18:09","false","","4","Ramat Gan"
"הַדְלָקַת נֵרוֹת","27/2/2026","17:18","27/2/2026","17:18","false","פָּרָשַׁת תְּצַוֶּה","4","Ramat Gan"
"פָּרָשַׁת תְּצַוֶּה","28/2/2026",,,,"true","שַׁבָּת זָכוֹר","3","Torah Reading"
"הַבְדָּלָה","28/2/2026","18:14","28/2/2026","18:14","false","","4","Ramat Gan"
"הַדְלָקַת נֵרוֹת","6/3/2026","17:24","6/3/2026","17:24","false","פָּרָשַׁת כִּי תִשָּׂא","4","Ramat Gan"
"פָּרָשַׁת כִּי תִשָּׂא","7/3/2026",,,,"true","שַׁבָּת פּרה","3","Torah Reading"
"הַבְדָּלָה","7/3/2026","18:19","7/3/2026","18:19","false","","4","Ramat Gan"
"הַדְלָקַת נֵרוֹת","13/3/2026","17:29","13/3/2026","17:29","false","פָּרָשַׁת וַיַּקְהֵל־פְקוּדֵי","4","Ramat Gan"
"פָּרָשַׁת וַיַּקְהֵל־פְקוּדֵי","14/3/2026",,,,"true","שַׁבָּת הַחֹדֶשׁ","3","Torah Reading"
"הַבְדָּלָה","14/3/2026","18:24","14/3/2026","18:24","false","","4","Ramat Gan"
"הַדְלָקַת נֵרוֹת","20/3/2026","17:34","20/3/2026","17:34","false","פָּרָשַׁת וַיִּקְרָא","4","Ramat Gan"
"פָּרָשַׁת וַיִּקְרָא","21/3/2026",,,,"true","","3","Torah Reading"
"הַבְדָּלָה","21/3/2026","18:29","21/3/2026","18:29","false","","4","Ramat Gan"
"הַדְלָקַת נֵרוֹת","27/3/2026","18:38","27/3/2026","18:38","false","פָּרָשַׁת צַו","4","Ramat Gan"
"פָּרָשַׁת צַו","28/3/2026",,,,"true","שַׁבָּת הַגָּדוֹל","3","Torah Reading"
"הַבְדָּלָה","28/3/2026","19:34","28/3/2026","19:34","false","","4","Ramat Gan"
"הַדְלָקַת נֵרוֹת","3/4/2026","18:43","3/4/2026","18:43","false","פָּרָשַׁת פֶּסַח שַׁבָּת חוֹל הַמּוֹעֵד","4","Ramat Gan"
"הַבְדָּלָה","4/4/2026","19:39","4/4/2026","19:39","false","","4","Ramat Gan"
"הַדְלָקַת נֵרוֹת","10/4/2026","18:48","10/4/2026","18:48","false","פָּרָשַׁת שְּׁמִינִי","4","Ramat Gan"
"פָּרָשַׁת שְּׁמִינִי","11/4/2026",,,,"true","","3","Torah Reading"
"הַבְדָּלָה","11/4/2026","19:44","11/4/2026","19:44","false","","4","Ramat Gan"
"הַדְלָקַת נֵרוֹת","17/4/2026","18:53","17/4/2026","18:53","false","פָּרָשַׁת תַזְרִיעַ־מְּצֹרָע","4","Ramat Gan"
"פָּרָשַׁת תַזְרִיעַ־מְּצֹרָע","18/4/2026",,,,"true","רֹאשׁ חוֹדֶשׁ אִיָיר","3","Torah Reading"
"הַבְדָּלָה","18/4/2026","19:50","18/4/2026","19:50","false","","4","Ramat Gan"
"הַדְלָקַת נֵרוֹת","24/4/2026","18:58","24/4/2026","18:58","false","פָּרָשַׁת אַחֲרֵי מוֹת־קְדשִׁים","4","Ramat Gan"
"פָּרָשַׁת אַחֲרֵי מוֹת־קְדשִׁים","25/4/2026",,,,"true","","3","Torah Reading"
"הַבְדָּלָה","25/4/2026","19:55","25/4/2026","19:55","false","","4","Ramat Gan"
"הַדְלָקַת נֵרוֹת","1/5/2026","19:03","1/5/2026","19:03","false","פָּרָשַׁת אֱמוֹר","4","Ramat Gan"
"פָּרָשַׁת אֱמוֹר","2/5/2026",,,,"true","","3","Torah Reading"
"הַבְדָּלָה","2/5/2026","20:01","2/5/2026","20:01","false","","4","Ramat Gan"
"הַדְלָקַת נֵרוֹת","8/5/2026","19:08","8/5/2026","19:08","false","פָּרָשַׁת בְּהַר־בְּחֻקֹּתַי","4","Ramat Gan"
"פָּרָשַׁת בְּהַר־בְּחֻקֹּתַי","9/5/2026",,,,"true","","3","Torah Reading"
"הַבְדָּלָה","9/5/2026","20:07","9/5/2026","20:07","false","","4","Ramat Gan"
"הַדְלָקַת נֵרוֹת","15/5/2026","19:13","15/5/2026","19:13","false","פָּרָשַׁת בְּמִדְבַּר","4","Ramat Gan"
"פָּרָשַׁת בְּמִדְבַּר","16/5/2026",,,,"true","Machar Chodesh","3","Torah Reading"
"הַבְדָּלָה","16/5/2026","20:12","16/5/2026","20:12","false","","4","Ramat Gan"
"הַדְלָקַת נֵרוֹת","22/5/2026","19:17","22/5/2026","19:17","false","פָּרָשַׁת נָשׂא","4","Ramat Gan"
"פָּרָשַׁת נָשׂא","23/5/2026",,,,"true","","3","Torah Reading"
"הַבְדָּלָה","23/5/2026","20:18","23/5/2026","20:18","false","","4","Ramat Gan"
"הַדְלָקַת נֵרוֹת","29/5/2026","19:22","29/5/2026","19:22","false","פָּרָשַׁת בְּהַעֲלֹתְךָ","4","Ramat Gan"
"פָּרָשַׁת בְּהַעֲלֹתְךָ","30/5/2026",,,,"true","","3","Torah Reading"
"הַבְדָּלָה","30/5/2026","20:23","30/5/2026","20:23","false","","4","Ramat Gan"
"הַדְלָקַת נֵרוֹת","5/6/2026","19:26","5/6/2026","19:26","false","פָּרָשַׁת שְׁלַח־לְךָ","4","Ramat Gan"
"פָּרָשַׁת שְׁלַח־לְךָ","6/6/2026",,,,"true","","3","Torah Reading"
"הַבְדָּלָה","6/6/2026","20:27","6/6/2026","20:27","false","","4","Ramat Gan"
"הַדְלָקַת נֵרוֹת","12/6/2026","19:29","12/6/2026","19:29","false","פָּרָשַׁת קֹרַח","4","Ramat Gan"
"פָּרָשַׁת קֹרַח","13/6/2026",,,,"true","","3","Torah Reading"
"הַבְדָּלָה","13/6/2026","20:30","13/6/2026","20:30","false","","4","Ramat Gan"
"הַדְלָקַת נֵרוֹת","19/6/2026","19:31","19/6/2026","19:31","false","פָּרָשַׁת חֻקַּת","4","Ramat Gan"
"פָּרָשַׁת חֻקַּת","20/6/2026",,,,"true","","3","Torah Reading"
"הַבְדָּלָה","20/6/2026","20:32","20/6/2026","20:32","false","","4","Ramat Gan"
"הַדְלָקַת נֵרוֹת","26/6/2026","19:32","26/6/2026","19:32","false","פָּרָשַׁת בָּלָק","4","Ramat Gan"
"פָּרָשַׁת בָּלָק","27/6/2026",,,,"true","","3","Torah Reading"
"הַבְדָּלָה","27/6/2026","20:33","27/6/2026","20:33","false","","4","Ramat Gan"
"הַדְלָקַת נֵרוֹת","3/7/2026","19:32","3/7/2026","19:32","false","פָּרָשַׁת פִּינְחָס","4","Ramat Gan"
"פָּרָשַׁת פִּינְחָס","4/7/2026",,,,"true","","3","Torah Reading"
"הַבְדָּלָה","4/7/2026","20:33","4/7/2026","20:33","false","","4","Ramat Gan"
"הַדְלָקַת נֵרוֹת","10/7/2026","19:31","10/7/2026","19:31","false","פָּרָשַׁת מַּטּוֹת־מַסְעֵי","4","Ramat Gan"
"פָּרָשַׁת מַּטּוֹת־מַסְעֵי","11/7/2026",,,,"true","","3","Torah Reading"
"הַבְדָּלָה","11/7/2026","20:31","11/7/2026","20:31","false","","4","Ramat Gan"
"הַדְלָקַת נֵרוֹת","17/7/2026","19:29","17/7/2026","19:29","false","פָּרָשַׁת דְּבָרִים","4","Ramat Gan"
"פָּרָשַׁת דְּבָרִים","18/7/2026",,,,"true","שַׁבָּת חֲזוֹן","3","Torah Reading"
"הַבְדָּלָה","18/7/2026","20:28","18/7/2026","20:28","false","","4","Ramat Gan"
"תחילת הַצוֹם","22/7/2026","19:45","22/7/2026","19:45","false","עֶרֶב תִּשְׁעָה בְּאָב","4","Ramat Gan"
"סִיּוּם הַצוֹם","23/7/2026","20:17","23/7/2026","20:17","false","תִּשְׁעָה בְּאָב","4","Ramat Gan"
"הַדְלָקַת נֵרוֹת","24/7/2026","19:25","24/7/2026","19:25","false","פָּרָשַׁת וָאֶתְחַנַּן","4","Ramat Gan"
"פָּרָשַׁת וָאֶתְחַנַּן","25/7/2026",,,,"true","שַׁבָּת נַחֲמוּ","3","Torah Reading"
"הַבְדָּלָה","25/7/2026","20:24","25/7/2026","20:24","false","","4","Ramat Gan"
"הַדְלָקַת נֵרוֹת","31/7/2026","19:20","31/7/2026","19:20","false","פָּרָשַׁת עֵקֶב","4","Ramat Gan"
"פָּרָשַׁת עֵקֶב","1/8/2026",,,,"true","","3","Torah Reading"
"הַבְדָּלָה","1/8/2026","20:18","1/8/2026","20:18","false","","4","Ramat Gan"
"הַדְלָקַת נֵרוֹת","7/8/2026","19:14","7/8/2026","19:14","false","פָּרָשַׁת רְאֵה","4","Ramat Gan"
"פָּרָשַׁת רְאֵה","8/8/2026",,,,"true","","3","Torah Reading"
"הַבְדָּלָה","8/8/2026","20:11","8/8/2026","20:11","false","","4","Ramat Gan"
"הַדְלָקַת נֵרוֹת","14/8/2026","19:08","14/8/2026","19:08","false","פָּרָשַׁת שׁוֹפְטִים","4","Ramat Gan"
"פָּרָשַׁת שׁוֹפְטִים","15/8/2026",,,,"true","","3","Torah Reading"
"הַבְדָּלָה","15/8/2026","20:03","15/8/2026","20:03","false","","4","Ramat Gan"
"הַדְלָקַת נֵרוֹת","21/8/2026","19:00","21/8/2026","19:00","false","פָּרָשַׁת כִּי־תֵצֵא","4","Ramat Gan"
"פָּרָשַׁת כִּי־תֵצֵא","22/8/2026",,,,"true","","3","Torah Reading"
"הַבְדָּלָה","22/8/2026","19:55","22/8/2026","19:55","false","","4","Ramat Gan"
"הַדְלָקַת נֵרוֹת","28/8/2026","18:52","28/8/2026","18:52","false","פָּרָשַׁת כִּי־תָבוֹא","4","Ramat Gan"
"פָּרָשַׁת כִּי־תָבוֹא","29/8/2026",,,,"true","","3","Torah Reading"
"הַבְדָּלָה","29/8/2026","19:46","29/8/2026","19:46","false","","4","Ramat Gan"
"הַדְלָקַת נֵרוֹת","4/9/2026","18:43","4/9/2026","18:43","false","פָּרָשַׁת נִצָּבִים־וַיֵּלֶךְ","4","Ramat Gan"
"פָּרָשַׁת נִצָּבִים־וַיֵּלֶךְ","5/9/2026",,,,"true","","3","Torah Reading"
"הַבְדָּלָה","5/9/2026","19:37","5/9/2026","19:37","false","","4","Ramat Gan"
"הַדְלָקַת נֵרוֹת","11/9/2026","18:34","11/9/2026","18:34","false","פָּרָשַׁת רֹאשׁ הַשָּׁנָה","4","Ramat Gan"
"הַבְדָּלָה","12/9/2026","19:27","12/9/2026","19:27","false","","4","Ramat Gan"
"הַדְלָקַת נֵרוֹת","18/9/2026","18:25","18/9/2026","18:25","false","פָּרָשַׁת הַאֲזִינוּ","4","Ramat Gan"
"פָּרָשַׁת הַאֲזִינוּ","19/9/2026",,,,"true","שַׁבָּת שׁוּבָה","3","Torah Reading"
"הַבְדָּלָה","19/9/2026","19:18","19/9/2026","19:18","false","","4","Ramat Gan"
"הַדְלָקַת נֵרוֹת","25/9/2026","18:15","25/9/2026","18:15","false","פָּרָשַׁת סוּכּוֹת","4","Ramat Gan"
"הַבְדָּלָה","26/9/2026","19:09","26/9/2026","19:09","false","","4","Ramat Gan"
"הַדְלָקַת נֵרוֹת","2/10/2026","18:06","2/10/2026","18:06","false","פָּרָשַׁת שְׁמִינִי עֲצֶרֶת","4","Ramat Gan"
"הַבְדָּלָה","3/10/2026","19:00","3/10/2026","19:00","false","","4","Ramat Gan"
"הַדְלָקַת נֵרוֹת","9/10/2026","17:57","9/10/2026","17:57","false","פָּרָשַׁת בְּרֵאשִׁית","4","Ramat Gan"
"פָּרָשַׁת בְּרֵאשִׁית","10/10/2026",,,,"true","Machar Chodesh","3","Torah Reading"
"הַבְדָּלָה","10/10/2026","18:51","10/10/2026","18:51","false","","4","Ramat Gan"
"הַדְלָקַת נֵרוֹת","16/10/2026","17:49","16/10/2026","17:49","false","פָּרָשַׁת נֹחַ","4","Ramat Gan"
"פָּרָשַׁת נֹחַ","17/10/2026",,,,"true","","3","Torah Reading"
"הַבְדָּלָה","17/10/2026","18:43","17/10/2026","18:43","false","","4","Ramat Gan"
"הַדְלָקַת נֵרוֹת","23/10/2026","17:41","23/10/2026","17:41","false","פָּרָשַׁת לֶךְ־לְךָ","4","Ramat Gan"
"פָּרָשַׁת לֶךְ־לְךָ","24/10/2026",,,,"true","","3","Torah Reading"
"הַבְדָּלָה","24/10/2026","18:35","24/10/2026","18:35","false","","4","Ramat Gan"
"הַדְלָקַת נֵרוֹת","30/10/2026","16:34","30/10/2026","16:34","false","פָּרָשַׁת וַיֵּרָא","4","Ramat Gan"
"פָּרָשַׁת וַיֵּרָא","31/10/2026",,,,"true","","3","Torah Reading"
"הַבְדָּלָה","31/10/2026","17:29","31/10/2026","17:29","false","","4","Ramat Gan"
"הַדְלָקַת נֵרוֹת","6/11/2026","16:28","6/11/2026","16:28","false","פָּרָשַׁת חַיֵּי שָֹרָה","4","Ramat Gan"
"פָּרָשַׁת חַיֵּי שָֹרָה","7/11/2026",,,,"true","","3","Torah Reading"
"הַבְדָּלָה","7/11/2026","17:24","7/11/2026","17:24","false","","4","Ramat Gan"
"הַדְלָקַת נֵרוֹת","13/11/2026","16:24","13/11/2026","16:24","false","פָּרָשַׁת תּוֹלְדוֹת","4","Ramat Gan"
"פָּרָשַׁת תּוֹלְדוֹת","14/11/2026",,,,"true","","3","Torah Reading"
"הַבְדָּלָה","14/11/2026","17:20","14/11/2026","17:20","false","","4","Ramat Gan"
"הַדְלָקַת נֵרוֹת","20/11/2026","16:20","20/11/2026","16:20","false","פָּרָשַׁת וַיֵּצֵא","4","Ramat Gan"
"פָּרָשַׁת וַיֵּצֵא","21/11/2026",,,,"true","","3","Torah Reading"
"הַבְדָּלָה","21/11/2026","17:17","21/11/2026","17:17","false","","4","Ramat Gan"
"הַדְלָקַת נֵרוֹת","27/11/2026","16:18","27/11/2026","16:18","false","פָּרָשַׁת וַיִּשְׁלַח","4","Ramat Gan"
"פָּרָשַׁת וַיִּשְׁלַח","28/11/2026",,,,"true","","3","Torah Reading"
"הַבְדָּלָה","28/11/2026","17:15","28/11/2026","17:15","false","","4","Ramat Gan"
"הַדְלָקַת נֵרוֹת","4/12/2026","16:17","4/12/2026","16:17","false","פָּרָשַׁת וַיֵּשֶׁב","4","Ramat Gan"
"פָּרָשַׁת וַיֵּשֶׁב","5/12/2026",,,,"true","","3","Torah Reading"
"הַבְדָּלָה","5/12/2026","17:15","5/12/2026","17:15","false","","4","Ramat Gan"
"הַדְלָקַת נֵרוֹת","11/12/2026","16:18","11/12/2026","16:18","false","פָּרָשַׁת מִקֵּץ","4","Ramat Gan"
"פָּרָשַׁת מִקֵּץ","12/12/2026",,,,"true","","3","Torah Reading"
"הַבְדָּלָה","12/12/2026","17:17","12/12/2026","17:17","false","","4","Ramat Gan"
"הַדְלָקַת נֵרוֹת","18/12/2026","16:20","18/12/2026","16:20","false","פָּרָשַׁת וַיִּגַּשׁ","4","Ramat Gan"
"פָּרָשַׁת וַיִּגַּשׁ","19/12/2026",,,,"true","","3","Torah Reading"
"הַבְדָּלָה","19/12/2026","17:19","19/12/2026","17:19","false","","4","Ramat Gan"
"הַדְלָקַת נֵרוֹת","25/12/2026","16:24","25/12/2026","16:24","false","פָּרָשַׁת וַיְחִי","4","Ramat Gan"
"פָּרָשַׁת וַיְחִי","26/12/2026",,,,"true","","3","Torah Reading"
"הַבְדָּלָה","26/12/2026","17:23","26/12/2026","17:23","false","","4","Ramat Gan"
"הַדְלָקַת נֵרוֹת","1/1/2027","16:28","1/1/2027","16:28","false","פָּרָשַׁת שְׁמוֹת","4","Ramat Gan"
"פָּרָשַׁת שְׁמוֹת","2/1/2027",,,,"true","","3","Torah Reading"
"הַבְדָּלָה","2/1/2027","17:27","2/1/2027","17:27","false","","4","Ramat Gan"
"הַדְלָקַת נֵרוֹת","8/1/2027","16:34","8/1/2027","16:34","false","פָּרָשַׁת וָאֵרָא","4","Ramat Gan"
"פָּרָשַׁת וָאֵרָא","9/1/2027",,,,"true","רֹאשׁ חוֹדֶשׁ שְׁבָט","3","Torah Reading"
"הַבְדָּלָה","9/1/2027","17:33","9/1/2027","17:33","false","","4","Ramat Gan"
"הַדְלָקַת נֵרוֹת","15/1/2027","16:40","15/1/2027","16:40","false","פָּרָשַׁת בֹּא","4","Ramat Gan"
"פָּרָשַׁת בֹּא","16/1/2027",,,,"true","","3","Torah Reading"
"הַבְדָּלָה","16/1/2027","17:38","16/1/2027","17:38","false","","4","Ramat Gan"
"הַדְלָקַת נֵרוֹת","22/1/2027","16:46","22/1/2027","16:46","false","פָּרָשַׁת בְּשַׁלַּח","4","Ramat Gan"
"פָּרָשַׁת בְּשַׁלַּח","23/1/2027",,,,"true","שַׁבָּת שִׁירָה","3","Torah Reading"
"הַבְדָּלָה","23/1/2027","17:44","23/1/2027","17:44","false","","4","Ramat Gan"
"הַדְלָקַת נֵרוֹת","29/1/2027","16:53","29/1/2027","16:53","false","פָּרָשַׁת יִתְרוֹ","4","Ramat Gan"
"פָּרָשַׁת יִתְרוֹ","30/1/2027",,,,"true","","3","Torah Reading"
"הַבְדָּלָה","30/1/2027","17:50","30/1/2027","17:50","false","","4","Ramat Gan"
"הַדְלָקַת נֵרוֹת","5/2/2027","16:59","5/2/2027","16:59","false","פָּרָשַׁת מִּשְׁפָּטִים","4","Ramat Gan"
"פָּרָשַׁת מִּשְׁפָּטִים","6/2/2027",,,,"true","Machar Chodesh","3","Torah Reading"
"הַבְדָּלָה","6/2/2027","17:56","6/2/2027","17:56","false","","4","Ramat Gan"
"הַדְלָקַת נֵרוֹת","12/2/2027","17:06","12/2/2027","17:06","false","פָּרָשַׁת תְּרוּמָה","4","Ramat Gan"
"פָּרָשַׁת תְּרוּמָה","13/2/2027",,,,"true","","3","Torah Reading"
"הַבְדָּלָה","13/2/2027","18:02","13/2/2027","18:02","false","","4","Ramat Gan"
"הַדְלָקַת נֵרוֹת","19/2/2027","17:12","19/2/2027","17:12","false","פָּרָשַׁת תְּצַוֶּה","4","Ramat Gan"
"פָּרָשַׁת תְּצַוֶּה","20/2/2027",,,,"true","","3","Torah Reading"
"הַבְדָּלָה","20/2/2027","18:08","20/2/2027","18:08","false","","4","Ramat Gan"
"הַדְלָקַת נֵרוֹת","26/2/2027","17:17","26/2/2027","17:17","false","פָּרָשַׁת כִּי תִשָּׂא","4","Ramat Gan"
"פָּרָשַׁת כִּי תִשָּׂא","27/2/2027",,,,"true","","3","Torah Reading"
"הַבְדָּלָה","27/2/2027","18:13","27/2/2027","18:13","false","","4","Ramat Gan"
"הַדְלָקַת נֵרוֹת","5/3/2027","17:23","5/3/2027","17:23","false","פָּרָשַׁת וַיַּקְהֵל","4","Ramat Gan"
"פָּרָשַׁת וַיַּקְהֵל","6/3/2027",,,,"true","שַׁבָּת שְׁקָלִים","3","Torah Reading"
"הַבְדָּלָה","6/3/2027","18:18","6/3/2027","18:18","false","","4","Ramat Gan"
"הַדְלָקַת נֵרוֹת","12/3/2027","17:28","12/3/2027","17:28","false","פָּרָשַׁת פְקוּדֵי","4","Ramat Gan"
"פָּרָשַׁת פְקוּדֵי","13/3/2027",,,,"true","","3","Torah Reading"
"הַבְדָּלָה","13/3/2027","18:23","13/3/2027","18:23","false","","4","Ramat Gan"
"הַדְלָקַת נֵרוֹת","19/3/2027","17:33","19/3/2027","17:33","false","פָּרָשַׁת וַיִּקְרָא","4","Ramat Gan"
"פָּרָשַׁת וַיִּקְרָא","20/3/2027",,,,"true","שַׁבָּת זָכוֹר","3","Torah Reading"
"הַבְדָּלָה","20/3/2027","18:28","20/3/2027","18:28","false","","4","Ramat Gan"
"הַדְלָקַת נֵרוֹת","26/3/2027","18:38","26/3/2027","18:38","false","פָּרָשַׁת צַו","4","Ramat Gan"
"פָּרָשַׁת צַו","27/3/2027",,,,"true","שַׁבָּת פּרה","3","Torah Reading"
"הַבְדָּלָה","27/3/2027","19:33","27/3/2027","19:33","false","","4","Ramat Gan"
"הַדְלָקַת נֵרוֹת","2/4/2027","18:42","2/4/2027","18:42","false","פָּרָשַׁת שְּׁמִינִי","4","Ramat Gan"
"פָּרָשַׁת שְּׁמִינִי","3/4/2027",,,,"true","שַׁבָּת הַחֹדֶשׁ","3","Torah Reading"
"הַבְדָּלָה","3/4/2027","19:38","3/4/2027","19:38","false","","4","Ramat Gan"
"הַדְלָקַת נֵרוֹת","9/4/2027","18:47","9/4/2027","18:47","false","פָּרָשַׁת תַזְרִיעַ","4","Ramat Gan"
"פָּרָשַׁת תַזְרִיעַ","10/4/2027",,,,"true","","3","Torah Reading"
"הַבְדָּלָה","10/4/2027","19:43","10/4/2027","19:43","false","","4","Ramat Gan"
"הַדְלָקַת נֵרוֹת","16/4/2027","18:52","16/4/2027","18:52","false","פָּרָשַׁת מְּצֹרָע","4","Ramat Gan"
"פָּרָשַׁת מְּצֹרָע","17/4/2027",,,,"true","שַׁבָּת הַגָּדוֹל","3","Torah Reading"
"הַבְדָּלָה","17/4/2027","19:49","17/4/2027","19:49","false","","4","Ramat Gan"
"הַדְלָקַת נֵרוֹת","23/4/2027","18:57","23/4/2027","18:57","false","פָּרָשַׁת פֶּסַח שַׁבָּת חוֹל הַמּוֹעֵד","4","Ramat Gan"
"הַבְדָּלָה","24/4/2027","19:54","24/4/2027","19:54","false","","4","Ramat Gan"
"הַדְלָקַת נֵרוֹת","30/4/2027","19:02","30/4/2027","19:02","false","פָּרָשַׁת אַחֲרֵי מוֹת","4","Ramat Gan"
"פָּרָשַׁת אַחֲרֵי מוֹת","1/5/2027",,,,"true","","3","Torah Reading"
"הַבְדָּלָה","1/5/2027","20:00","1/5/2027","20:00","false","","4","Ramat Gan"
"הַדְלָקַת נֵרוֹת","7/5/2027","19:07","7/5/2027","19:07","false","פָּרָשַׁת קְדשִׁים","4","Ramat Gan"
"פָּרָשַׁת קְדשִׁים","8/5/2027",,,,"true","רֹאשׁ חוֹדֶשׁ אִיָיר","3","Torah Reading"
"הַבְדָּלָה","8/5/2027","20:06","8/5/2027","20:06","false","","4","Ramat Gan"
"הַדְלָקַת נֵרוֹת","14/5/2027","19:12","14/5/2027","19:12","false","פָּרָשַׁת אֱמוֹר","4","Ramat Gan"
"פָּרָשַׁת אֱמוֹר","15/5/2027",,,,"true","","3","Torah Reading"
"הַבְדָּלָה","15/5/2027","20:11","15/5/2027","20:11","false","","4","Ramat Gan"
"הַדְלָקַת נֵרוֹת","21/5/2027","19:17","21/5/2027","19:17","false","פָּרָשַׁת בְּהַר","4","Ramat Gan"
"פָּרָשַׁת בְּהַר","22/5/2027",,,,"true","","3","Torah Reading"
"הַבְדָּלָה","22/5/2027","20:17","22/5/2027","20:17","false","","4","Ramat Gan"
"הַדְלָקַת נֵרוֹת","28/5/2027","19:21","28/5/2027","19:21","false","פָּרָשַׁת בְּחֻקֹּתַי","4","Ramat Gan"
"פָּרָשַׁת בְּחֻקֹּתַי","29/5/2027",,,,"true","","3","Torah Reading"
"הַבְדָּלָה","29/5/2027","20:22","29/5/2027","20:22","false","","4","Ramat Gan"
"הַדְלָקַת נֵרוֹת","4/6/2027","19:25","4/6/2027","19:25","false","פָּרָשַׁת בְּמִדְבַּר","4","Ramat Gan"
"פָּרָשַׁת בְּמִדְבַּר","5/6/2027",,,,"true","Machar Chodesh","3","Torah Reading"
"הַבְדָּלָה","5/6/2027","20:26","5/6/2027","20:26","false","","4","Ramat Gan"
"הַדְלָקַת נֵרוֹת","11/6/2027","19:28","11/6/2027","19:28","false","פָּרָשַׁת נָשׂא","4","Ramat Gan"
"פָּרָשַׁת נָשׂא","12/6/2027",,,,"true","","3","Torah Reading"
"הַבְדָּלָה","12/6/2027","20:30","12/6/2027","20:30","false","","4","Ramat Gan"
"הַדְלָקַת נֵרוֹת","18/6/2027","19:31","18/6/2027","19:31","false","פָּרָשַׁת בְּהַעֲלֹתְךָ","4","Ramat Gan"
"פָּרָשַׁת בְּהַעֲלֹתְךָ","19/6/2027",,,,"true","","3","Torah Reading"
"הַבְדָּלָה","19/6/2027","20:32","19/6/2027","20:32","false","","4","Ramat Gan"
"הַדְלָקַת נֵרוֹת","25/6/2027","19:32","25/6/2027","19:32","false","פָּרָשַׁת שְׁלַח־לְךָ","4","Ramat Gan"
"פָּרָשַׁת שְׁלַח־לְךָ","26/6/2027",,,,"true","","3","Torah Reading"
"הַבְדָּלָה","26/6/2027","20:33","26/6/2027","20:33","false","","4","Ramat Gan"
"הַדְלָקַת נֵרוֹת","2/7/2027","19:33","2/7/2027","19:33","false","פָּרָשַׁת קֹרַח","4","Ramat Gan"
"פָּרָשַׁת קֹרַח","3/7/2027",,,,"true","","3","Torah Reading"
"הַבְדָּלָה","3/7/2027","20:33","3/7/2027","20:33","false","","4","Ramat Gan"
"הַדְלָקַת נֵרוֹת","9/7/2027","19:32","9/7/2027","19:32","false","פָּרָשַׁת חֻקַּת","4","Ramat Gan"
"פָּרָשַׁת חֻקַּת","10/7/2027",,,,"true","","3","Torah Reading"
"הַבְדָּלָה","10/7/2027","20:32","10/7/2027","20:32","false","","4","Ramat Gan"
"הַדְלָקַת נֵרוֹת","16/7/2027","19:29","16/7/2027","19:29","false","פָּרָשַׁת בָּלָק","4","Ramat Gan"
"פָּרָשַׁת בָּלָק","17/7/2027",,,,"true","","3","Torah Reading"
"הַבְדָּלָה","17/7/2027","20:29","17/7/2027","20:29","false","","4","Ramat Gan"
"הַדְלָקַת נֵרוֹת","23/7/2027","19:26","23/7/2027","19:26","false","פָּרָשַׁת פִּינְחָס","4","Ramat Gan"
"פָּרָשַׁת פִּינְחָס","24/7/2027",,,,"true","","3","Torah Reading"
"הַבְדָּלָה","24/7/2027","20:24","24/7/2027","20:24","false","","4","Ramat Gan"
"הַדְלָקַת נֵרוֹת","30/7/2027","19:21","30/7/2027","19:21","false","פָּרָשַׁת מַּטּוֹת־מַסְעֵי","4","Ramat Gan"
"פָּרָשַׁת מַּטּוֹת־מַסְעֵי","31/7/2027",,,,"true","","3","Torah Reading"
"הַבְדָּלָה","31/7/2027","20:19","31/7/2027","20:19","false","","4","Ramat Gan"
"הַדְלָקַת נֵרוֹת","6/8/2027","19:16","6/8/2027","19:16","false","פָּרָשַׁת דְּבָרִים","4","Ramat Gan"
"פָּרָשַׁת דְּבָרִים","7/8/2027",,,,"true","שַׁבָּת חֲזוֹן","3","Torah Reading"
"הַבְדָּלָה","7/8/2027","20:12","7/8/2027","20:12","false","","4","Ramat Gan"
"תחילת הַצוֹם","11/8/2027","19:29","11/8/2027","19:29","false","עֶרֶב תִּשְׁעָה בְּאָב","4","Ramat Gan"
"סִיּוּם הַצוֹם","12/8/2027","20:00","12/8/2027","20:00","false","תִּשְׁעָה בְּאָב","4","Ramat Gan"
"הַדְלָקַת נֵרוֹת","13/8/2027","19:09","13/8/2027","19:09","false","פָּרָשַׁת וָאֶתְחַנַּן","4","Ramat Gan"
"פָּרָשַׁת וָאֶתְחַנַּן","14/8/2027",,,,"true","שַׁבָּת נַחֲמוּ","3","Torah Reading"
"הַבְדָּלָה","14/8/2027","20:05","14/8/2027","20:05","false","","4","Ramat Gan"
"הַדְלָקַת נֵרוֹת","20/8/2027","19:01","20/8/2027","19:01","false","פָּרָשַׁת עֵקֶב","4","Ramat Gan"
"פָּרָשַׁת עֵקֶב","21/8/2027",,,,"true","","3","Torah Reading"
"הַבְדָּלָה","21/8/2027","19:57","21/8/2027","19:57","false","","4","Ramat Gan"
"הַדְלָקַת נֵרוֹת","27/8/2027","18:53","27/8/2027","18:53","false","פָּרָשַׁת רְאֵה","4","Ramat Gan"
"פָּרָשַׁת רְאֵה","28/8/2027",,,,"true","","3","Torah Reading"
"הַבְדָּלָה","28/8/2027","19:48","28/8/2027","19:48","false","","4","Ramat Gan"
"הַדְלָקַת נֵרוֹת","3/9/2027","18:44","3/9/2027","18:44","false","פָּרָשַׁת שׁוֹפְטִים","4","Ramat Gan"
"פָּרָשַׁת שׁוֹפְטִים","4/9/2027",,,,"true","","3","Torah Reading"
"הַבְדָּלָה","4/9/2027","19:39","4/9/2027","19:39","false","","4","Ramat Gan"
"הַדְלָקַת נֵרוֹת","10/9/2027","18:35","10/9/2027","18:35","false","פָּרָשַׁת כִּי־תֵצֵא","4","Ramat Gan"
"פָּרָשַׁת כִּי־תֵצֵא","11/9/2027",,,,"true","","3","Torah Reading"
"הַבְדָּלָה","11/9/2027","19:29","11/9/2027","19:29","false","","4","Ramat Gan"
"הַדְלָקַת נֵרוֹת","17/9/2027","18:26","17/9/2027","18:26","false","פָּרָשַׁת כִּי־תָבוֹא","4","Ramat Gan"
"פָּרָשַׁת כִּי־תָבוֹא","18/9/2027",,,,"true","","3","Torah Reading"
"הַבְדָּלָה","18/9/2027","19:20","18/9/2027","19:20","false","","4","Ramat Gan"
"הַדְלָקַת נֵרוֹת","24/9/2027","18:17","24/9/2027","18:17","false","פָּרָשַׁת נִצָּבִים־וַיֵּלֶךְ","4","Ramat Gan"
"פָּרָשַׁת נִצָּבִים־וַיֵּלֶךְ","25/9/2027",,,,"true","","3","Torah Reading"
"הַבְדָּלָה","25/9/2027","19:10","25/9/2027","19:10","false","","4","Ramat Gan"
"הַדְלָקַת נֵרוֹת","1/10/2027","18:08","1/10/2027","18:08","false","פָּרָשַׁת רֹאשׁ הַשָּׁנָה","4","Ramat Gan"
"הַבְדָּלָה","2/10/2027","19:01","2/10/2027","19:01","false","","4","Ramat Gan"
"הַדְלָקַת נֵרוֹת","8/10/2027","17:59","8/10/2027","17:59","false","פָּרָשַׁת הַאֲזִינוּ","4","Ramat Gan"
"פָּרָשַׁת הַאֲזִינוּ","9/10/2027",,,,"true","שַׁבָּת שׁוּבָה","3","Torah Reading"
"הַבְדָּלָה","9/10/2027","18:52","9/10/2027","18:52","false","","4","Ramat Gan"
"הַדְלָקַת נֵרוֹת","15/10/2027","17:50","15/10/2027","17:50","false","פָּרָשַׁת סוּכּוֹת","4","Ramat Gan"
"הַבְדָּלָה","16/10/2027","18:44","16/10/2027","18:44","false","","4","Ramat Gan"
"הַדְלָקַת נֵרוֹת","22/10/2027","17:42","22/10/2027","17:42","false","פָּרָשַׁת שְׁמִינִי עֲצֶרֶת","4","Ramat Gan"
"הַבְדָּלָה","23/10/2027","18:37","23/10/2027","18:37","false","","4","Ramat Gan"
"הַדְלָקַת נֵרוֹת","29/10/2027","17:35","29/10/2027","17:35","false","פָּרָשַׁת בְּרֵאשִׁית","4","Ramat Gan"
"פָּרָשַׁת בְּרֵאשִׁית","30/10/2027",,,,"true","Machar Chodesh","3","Torah Reading"
"הַבְדָּלָה","30/10/2027","18:30","30/10/2027","18:30","false","","4","Ramat Gan"
"הַדְלָקַת נֵרוֹת","5/11/2027","16:29","5/11/2027","16:29","false","פָּרָשַׁת נֹחַ","4","Ramat Gan"
"פָּרָשַׁת נֹחַ","6/11/2027",,,,"true","","3","Torah Reading"
"הַבְדָּלָה","6/11/2027","17:25","6/11/2027","17:25","false","","4","Ramat Gan"
"הַדְלָקַת נֵרוֹת","12/11/2027","16:24","12/11/2027","16:24","false","פָּרָשַׁת לֶךְ־לְךָ","4","Ramat Gan"
"פָּרָשַׁת לֶךְ־לְךָ","13/11/2027",,,,"true","","3","Torah Reading"
"הַבְדָּלָה","13/11/2027","17:20","13/11/2027","17:20","false","","4","Ramat Gan"
"הַדְלָקַת נֵרוֹת","19/11/2027","16:21","19/11/2027","16:21","false","פָּרָשַׁת וַיֵּרָא","4","Ramat Gan"
"פָּרָשַׁת וַיֵּרָא","20/11/2027",,,,"true","","3","Torah Reading"
"הַבְדָּלָה","20/11/2027","17:17","20/11/2027","17:17","false","","4","Ramat Gan"
"הַדְלָקַת נֵרוֹת","26/11/2027","16:18","26/11/2027","16:18","false","פָּרָשַׁת חַיֵּי שָֹרָה","4","Ramat Gan"
"פָּרָשַׁת חַיֵּי שָֹרָה","27/11/2027",,,,"true","","3","Torah Reading"
"הַבְדָּלָה","27/11/2027","17:16","27/11/2027","17:16","false","","4","Ramat Gan"
"הַדְלָקַת נֵרוֹת","3/12/2027","16:17","3/12/2027","16:17","false","פָּרָשַׁת תּוֹלְדוֹת","4","Ramat Gan"
"פָּרָשַׁת תּוֹלְדוֹת","4/12/2027",,,,"true","","3","Torah Reading"
"הַבְדָּלָה","4/12/2027","17:15","4/12/2027","17:15","false","","4","Ramat Gan"
"הַדְלָקַת נֵרוֹת","10/12/2027","16:18","10/12/2027","16:18","false","פָּרָשַׁת וַיֵּצֵא","4","Ramat Gan"
"פָּרָשַׁת וַיֵּצֵא","11/12/2027",,,,"true","","3","Torah Reading"
"הַבְדָּלָה","11/12/2027","17:16","11/12/2027","17:16","false","","4","Ramat Gan"
"הַדְלָקַת נֵרוֹת","17/12/2027","16:20","17/12/2027","16:20","false","פָּרָשַׁת וַיִּשְׁלַח","4","Ramat Gan"
"פָּרָשַׁת וַיִּשְׁלַח","18/12/2027",,,,"true","","3","Torah Reading"
"הַבְדָּלָה","18/12/2027","17:19","18/12/2027","17:19","false","","4","Ramat Gan"
"הַדְלָקַת נֵרוֹת","24/12/2027","16:23","24/12/2027","16:23","false","פָּרָשַׁת וַיֵּשֶׁב","4","Ramat Gan"
"פָּרָשַׁת וַיֵּשֶׁב","25/12/2027",,,,"true","","3","Torah Reading"
"הַבְדָּלָה","25/12/2027","17:22","25/12/2027","17:22","false","","4","Ramat Gan"
"הַדְלָקַת נֵרוֹת","31/12/2027","16:28","31/12/2027","16:28","false","פָּרָשַׁת מִקֵּץ","4","Ramat Gan"
"פָּרָשַׁת מִקֵּץ","1/1/2028",,,,"true","","3","Torah Reading"
"הַבְדָּלָה","1/1/2028","17:27","1/1/2028","17:27","false","","4","Ramat Gan"
"הַדְלָקַת נֵרוֹת","7/1/2028","16:33","7/1/2028","16:33","false","פָּרָשַׁת וַיִּגַּשׁ","4","Ramat Gan"
"פָּרָשַׁת וַיִּגַּשׁ","8/1/2028",,,,"true","","3","Torah Reading"
"הַבְדָּלָה","8/1/2028","17:32","8/1/2028","17:32","false","","4","Ramat Gan"
"הַדְלָקַת נֵרוֹת","14/1/2028","16:39","14/1/2028","16:39","false","פָּרָשַׁת וַיְחִי","4","Ramat Gan"
"פָּרָשַׁת וַיְחִי","15/1/2028",,,,"true","","3","Torah Reading"
"הַבְדָּלָה","15/1/2028","17:37","15/1/2028","17:37","false","","4","Ramat Gan"
"הַדְלָקַת נֵרוֹת","21/1/2028","16:45","21/1/2028","16:45","false","פָּרָשַׁת שְׁמוֹת","4","Ramat Gan"
"פָּרָשַׁת שְׁמוֹת","22/1/2028",,,,"true","","3","Torah Reading"
"הַבְדָּלָה","22/1/2028","17:43","22/1/2028","17:43","false","","4","Ramat Gan"
"הַדְלָקַת נֵרוֹת","28/1/2028","16:52","28/1/2028","16:52","false","פָּרָשַׁת וָאֵרָא","4","Ramat Gan"
"פָּרָשַׁת וָאֵרָא","29/1/2028",,,,"true","רֹאשׁ חוֹדֶשׁ שְׁבָט","3","Torah Reading"
"הַבְדָּלָה","29/1/2028","17:49","29/1/2028","17:49","false","","4","Ramat Gan"
"הַדְלָקַת נֵרוֹת","4/2/2028","16:58","4/2/2028","16:58","false","פָּרָשַׁת בֹּא","4","Ramat Gan"
"פָּרָשַׁת בֹּא","5/2/2028",,,,"true","","3","Torah Reading"
"הַבְדָּלָה","5/2/2028","17:55","5/2/2028","17:55","false","","4","Ramat Gan"
"הַדְלָקַת נֵרוֹת","11/2/2028","17:05","11/2/2028","17:05","false","פָּרָשַׁת בְּשַׁלַּח","4","Ramat Gan"
"פָּרָשַׁת בְּשַׁלַּח","12/2/2028",,,,"true","שַׁבָּת שִׁירָה","3","Torah Reading"
"הַבְדָּלָה","12/2/2028","18:01","12/2/2028","18:01","false","","4","Ramat Gan"
"הַדְלָקַת נֵרוֹת","18/2/2028","17:11","18/2/2028","17:11","false","פָּרָשַׁת יִתְרוֹ","4","Ramat Gan"
"פָּרָשַׁת יִתְרוֹ","19/2/2028",,,,"true","","3","Torah Reading"
"הַבְדָּלָה","19/2/2028","18:07","19/2/2028","18:07","false","","4","Ramat Gan"
"הַדְלָקַת נֵרוֹת","25/2/2028","17:16","25/2/2028","17:16","false","פָּרָשַׁת מִּשְׁפָּטִים","4","Ramat Gan"
"פָּרָשַׁת מִּשְׁפָּטִים","26/2/2028",,,,"true","שַׁבָּת שְׁקָלִים","3","Torah Reading"
"הַבְדָּלָה","26/2/2028","18:12","26/2/2028","18:12","false","","4","Ramat Gan"
"הַדְלָקַת נֵרוֹת","3/3/2028","17:22","3/3/2028","17:22","false","פָּרָשַׁת תְּרוּמָה","4","Ramat Gan"
"פָּרָשַׁת תְּרוּמָה","4/3/2028",,,,"true","","3","Torah Reading"
"הַבְדָּלָה","4/3/2028","18:17","4/3/2028","18:17","false","","4","Ramat Gan"
"הַדְלָקַת נֵרוֹת","10/3/2028","17:27","10/3/2028","17:27","false","פָּרָשַׁת תְּצַוֶּה","4","Ramat Gan"
"פָּרָשַׁת תְּצַוֶּה","11/3/2028",,,,"true","שַׁבָּת זָכוֹר","3","Torah Reading"
"הַבְדָּלָה","11/3/2028","18:22","11/3/2028","18:22","false","","4","Ramat Gan"
"הַדְלָקַת נֵרוֹת","17/3/2028","17:32","17/3/2028","17:32","false","פָּרָשַׁת כִּי תִשָּׂא","4","Ramat Gan"
"פָּרָשַׁת כִּי תִשָּׂא","18/3/2028",,,,"true","שַׁבָּת פּרה","3","Torah Reading"
"הַבְדָּלָה","18/3/2028","18:27","18/3/2028","18:27","false","","4","Ramat Gan"
"הַדְלָקַת נֵרוֹת","24/3/2028","18:37","24/3/2028","18:37","false","פָּרָשַׁת וַיַּקְהֵל־פְקוּדֵי","4","Ramat Gan"
"פָּרָשַׁת וַיַּקְהֵל־פְקוּדֵי","25/3/2028",,,,"true","שַׁבָּת הַחֹדֶשׁ","3","Torah Reading"
"הַבְדָּלָה","25/3/2028","19:32","25/3/2028","19:32","false","","4","Ramat Gan"
"הַדְלָקַת נֵרוֹת","31/3/2028","18:42","31/3/2028","18:42","false","פָּרָשַׁת וַיִּקְרָא","4","Ramat Gan"
"פָּרָשַׁת וַיִּקְרָא","1/4/2028",,,,"true","","3","Torah Reading"
"הַבְדָּלָה","1/4/2028","19:37","1/4/2028","19:37","false","","4","Ramat Gan"
"הַדְלָקַת נֵרוֹת","7/4/2028","18:46","7/4/2028","18:46","false","פָּרָשַׁת צַו","4","Ramat Gan"
"פָּרָשַׁת צַו","8/4/2028",,,,"true","שַׁבָּת הַגָּדוֹל","3","Torah Reading"
"הַבְדָּלָה","8/4/2028","19:43","8/4/2028","19:43","false","","4","Ramat Gan"
"הַדְלָקַת נֵרוֹת","14/4/2028","18:51","14/4/2028","18:51","false","פָּרָשַׁת פֶּסַח שַׁבָּת חוֹל הַמּוֹעֵד","4","Ramat Gan"
"הַבְדָּלָה","15/4/2028","19:48","15/4/2028","19:48","false","","4","Ramat Gan"
"הַדְלָקַת נֵרוֹת","21/4/2028","18:56","21/4/2028","18:56","false","פָּרָשַׁת שְּׁמִינִי","4","Ramat Gan"
"פָּרָשַׁת שְּׁמִינִי","22/4/2028",,,,"true","","3","Torah Reading"
"הַבְדָּלָה","22/4/2028","19:53","22/4/2028","19:53","false","","4","Ramat Gan"
"הַדְלָקַת נֵרוֹת","28/4/2028","19:01","28/4/2028","19:01","false","פָּרָשַׁת תַזְרִיעַ־מְּצֹרָע","4","Ramat Gan"
"פָּרָשַׁת תַזְרִיעַ־מְּצֹרָע","29/4/2028",,,,"true","","3","Torah Reading"
"הַבְדָּלָה","29/4/2028","19:59","29/4/2028","19:59","false","","4","Ramat Gan"
"הַדְלָקַת נֵרוֹת","5/5/2028","19:06","5/5/2028","19:06","false","פָּרָשַׁת אַחֲרֵי מוֹת־קְדשִׁים","4","Ramat Gan"
"פָּרָשַׁת אַחֲרֵי מוֹת־קְדשִׁים","6/5/2028",,,,"true","","3","Torah Reading"
"הַבְדָּלָה","6/5/2028","20:05","6/5/2028","20:05","false","","4","Ramat Gan"
"הַדְלָקַת נֵרוֹת","12/5/2028","19:11","12/5/2028","19:11","false","פָּרָשַׁת אֱמוֹר","4","Ramat Gan"
"פָּרָשַׁת אֱמוֹר","13/5/2028",,,,"true","","3","Torah Reading"
"הַבְדָּלָה","13/5/2028","20:10","13/5/2028","20:10","false","","4","Ramat Gan"
"הַדְלָקַת נֵרוֹת","19/5/2028","19:16","19/5/2028","19:16","false","פָּרָשַׁת בְּהַר־בְּחֻקֹּתַי","4","Ramat Gan"
"פָּרָשַׁת בְּהַר־בְּחֻקֹּתַי","20/5/2028",,,,"true","","3","Torah Reading"
"הַבְדָּלָה","20/5/2028","20:16","20/5/2028","20:16","false","","4","Ramat Gan"
"הַדְלָקַת נֵרוֹת","26/5/2028","19:20","26/5/2028","19:20","false","פָּרָשַׁת בְּמִדְבַּר","4","Ramat Gan"
"פָּרָשַׁת בְּמִדְבַּר","27/5/2028",,,,"true","","3","Torah Reading"
"הַבְדָּלָה","27/5/2028","20:21","27/5/2028","20:21","false","","4","Ramat Gan"
"הַדְלָקַת נֵרוֹת","2/6/2028","19:24","2/6/2028","19:24","false","פָּרָשַׁת נָשׂא","4","Ramat Gan"
"פָּרָשַׁת נָשׂא","3/6/2028",,,,"true","","3","Torah Reading"
"הַבְדָּלָה","3/6/2028","20:25","3/6/2028","20:25","false","","4","Ramat Gan"
"הַדְלָקַת נֵרוֹת","9/6/2028","19:28","9/6/2028","19:28","false","פָּרָשַׁת בְּהַעֲלֹתְךָ","4","Ramat Gan"
"פָּרָשַׁת בְּהַעֲלֹתְךָ","10/6/2028",,,,"true","","3","Torah Reading"
"הַבְדָּלָה","10/6/2028","20:29","10/6/2028","20:29","false","","4","Ramat Gan"
"הַדְלָקַת נֵרוֹת","16/6/2028","19:31","16/6/2028","19:31","false","פָּרָשַׁת שְׁלַח־לְךָ","4","Ramat Gan"
"פָּרָשַׁת שְׁלַח־לְךָ","17/6/2028",,,,"true","","3","Torah Reading"
"הַבְדָּלָה","17/6/2028","20:32","17/6/2028","20:32","false","","4","Ramat Gan"
"הַדְלָקַת נֵרוֹת","23/6/2028","19:32","23/6/2028","19:32","false","פָּרָשַׁת קֹרַח","4","Ramat Gan"
"פָּרָשַׁת קֹרַח","24/6/2028",,,,"true","רֹאשׁ חוֹדֶשׁ תַּמּוּז","3","Torah Reading"
"הַבְדָּלָה","24/6/2028","20:33","24/6/2028","20:33","false","","4","Ramat Gan"
"הַדְלָקַת נֵרוֹת","30/6/2028","19:33","30/6/2028","19:33","false","פָּרָשַׁת חֻקַּת","4","Ramat Gan"
"פָּרָשַׁת חֻקַּת","1/7/2028",,,,"true","","3","Torah Reading"
"הַבְדָּלָה","1/7/2028","20:33","1/7/2028","20:33","false","","4","Ramat Gan"
"הַדְלָקַת נֵרוֹת","7/7/2028","19:32","7/7/2028","19:32","false","פָּרָשַׁת בָּלָק","4","Ramat Gan"
"פָּרָשַׁת בָּלָק","8/7/2028",,,,"true","","3","Torah Reading"
"הַבְדָּלָה","8/7/2028","20:32","8/7/2028","20:32","false","","4","Ramat Gan"
"הַדְלָקַת נֵרוֹת","14/7/2028","19:30","14/7/2028","19:30","false","פָּרָשַׁת פִּינְחָס","4","Ramat Gan"
"פָּרָשַׁת פִּינְחָס","15/7/2028",,,,"true","","3","Torah Reading"
"הַבְדָּלָה","15/7/2028","20:29","15/7/2028","20:29","false","","4","Ramat Gan"
"הַדְלָקַת נֵרוֹת","21/7/2028","19:27","21/7/2028","19:27","false","פָּרָשַׁת מַּטּוֹת־מַסְעֵי","4","Ramat Gan"
"פָּרָשַׁת מַּטּוֹת־מַסְעֵי","22/7/2028",,,,"true","","3","Torah Reading"
"הַבְדָּלָה","22/7/2028","20:25","22/7/2028","20:25","false","","4","Ramat Gan"
"הַדְלָקַת נֵרוֹת","28/7/2028","19:22","28/7/2028","19:22","false","פָּרָשַׁת דְּבָרִים","4","Ramat Gan"
"פָּרָשַׁת דְּבָרִים","29/7/2028",,,,"true","שַׁבָּת חֲזוֹן","3","Torah Reading"
"הַבְדָּלָה","29/7/2028","20:20","29/7/2028","20:20","false","","4","Ramat Gan"
"תחילת הַצוֹם","31/7/2028","19:38","31/7/2028","19:38","false","עֶרֶב תִּשְׁעָה בְּאָב","4","Ramat Gan"
"סִיּוּם הַצוֹם","1/8/2028","20:10","1/8/2028","20:10","false","תִּשְׁעָה בְּאָב","4","Ramat Gan"
"הַדְלָקַת נֵרוֹת","4/8/2028","19:17","4/8/2028","19:17","false","פָּרָשַׁת וָאֶתְחַנַּן","4","Ramat Gan"
"פָּרָשַׁת וָאֶתְחַנַּן","5/8/2028",,,,"true","שַׁבָּת נַחֲמוּ","3","Torah Reading"
"הַבְדָּלָה","5/8/2028","20:14","5/8/2028","20:14","false","","4","Ramat Gan"
"הַדְלָקַת נֵרוֹת","11/8/2028","19:10","11/8/2028","19:10","false","פָּרָשַׁת עֵקֶב","4","Ramat Gan"
"פָּרָשַׁת עֵקֶב","12/8/2028",,,,"true","","3","Torah Reading"
"הַבְדָּלָה","12/8/2028","20:06","12/8/2028","20:06","false","","4","Ramat Gan"
"הַדְלָקַת נֵרוֹת","18/8/2028","19:03","18/8/2028","19:03","false","פָּרָשַׁת רְאֵה","4","Ramat Gan"
"פָּרָשַׁת רְאֵה","19/8/2028",,,,"true","","3","Torah Reading"
"הַבְדָּלָה","19/8/2028","19:58","19/8/2028","19:58","false","","4","Ramat Gan"
"הַדְלָקַת נֵרוֹת","25/8/2028","18:55","25/8/2028","18:55","false","פָּרָשַׁת שׁוֹפְטִים","4","Ramat Gan"
"פָּרָשַׁת שׁוֹפְטִים","26/8/2028",,,,"true","","3","Torah Reading"
"הַבְדָּלָה","26/8/2028","19:49","26/8/2028","19:49","false","","4","Ramat Gan"
"הַדְלָקַת נֵרוֹת","1/9/2028","18:46","1/9/2028","18:46","false","פָּרָשַׁת כִּי־תֵצֵא","4","Ramat Gan"
"פָּרָשַׁת כִּי־תֵצֵא","2/9/2028",,,,"true","","3","Torah Reading"
"הַבְדָּלָה","2/9/2028","19:40","2/9/2028","19:40","false","","4","Ramat Gan"
"הַדְלָקַת נֵרוֹת","8/9/2028","18:37","8/9/2028","18:37","false","פָּרָשַׁת כִּי־תָבוֹא","4","Ramat Gan"
"פָּרָשַׁת כִּי־תָבוֹא","9/9/2028",,,,"true","","3","Torah Reading"
"הַבְדָּלָה","9/9/2028","19:31","9/9/2028","19:31","false","","4","Ramat Gan"
"הַדְלָקַת נֵרוֹת","15/9/2028","18:28","15/9/2028","18:28","false","פָּרָשַׁת נִצָּבִים־וַיֵּלֶךְ","4","Ramat Gan"
"פָּרָשַׁת נִצָּבִים־וַיֵּלֶךְ","16/9/2028",,,,"true","","3","Torah Reading"
"הַבְדָּלָה","16/9/2028","19:21","16/9/2028","19:21","false","","4","Ramat Gan"
"הַדְלָקַת נֵרוֹת","22/9/2028","18:19","22/9/2028","18:19","false","פָּרָשַׁת הַאֲזִינוּ","4","Ramat Gan"
"פָּרָשַׁת הַאֲזִינוּ","23/9/2028",,,,"true","שַׁבָּת שׁוּבָה","3","Torah Reading"
"הַבְדָּלָה","23/9/2028","19:12","23/9/2028","19:12","false","","4","Ramat Gan"
"הַדְלָקַת נֵרוֹת","29/9/2028","18:09","29/9/2028","18:09","false","פָּרָשַׁת יוֹם כִּפּוּר","4","Ramat Gan"
"הַבְדָּלָה","30/9/2028","19:03","30/9/2028","19:03","false","","4","Ramat Gan"
"הַדְלָקַת נֵרוֹת","6/10/2028","18:00","6/10/2028","18:00","false","פָּרָשַׁת סוּכּוֹת שַׁבָּת חוֹל הַמּוֹעֵד","4","Ramat Gan"
"הַבְדָּלָה","7/10/2028","18:54","7/10/2028","18:54","false","","4","Ramat Gan"
"הַדְלָקַת נֵרוֹת","13/10/2028","17:52","13/10/2028","17:52","false","פָּרָשַׁת בְּרֵאשִׁית","4","Ramat Gan"
"פָּרָשַׁת בְּרֵאשִׁית","14/10/2028",,,,"true","","3","Torah Reading"
"הַבְדָּלָה","14/10/2028","18:46","14/10/2028","18:46","false","","4","Ramat Gan"
"הַדְלָקַת נֵרוֹת","20/10/2028","17:44","20/10/2028","17:44","false","פָּרָשַׁת נֹחַ","4","Ramat Gan"
"פָּרָשַׁת נֹחַ","21/10/2028",,,,"true","רֹאשׁ חוֹדֶשׁ חֶשְׁוָן","3","Torah Reading"
"הַבְדָּלָה","21/10/2028","18:38","21/10/2028","18:38","false","","4","Ramat Gan"
"הַדְלָקַת נֵרוֹת","27/10/2028","17:37","27/10/2028","17:37","false","פָּרָשַׁת לֶךְ־לְךָ","4","Ramat Gan"
"פָּרָשַׁת לֶךְ־לְךָ","28/10/2028",,,,"true","","3","Torah Reading"
"הַבְדָּלָה","28/10/2028","18:31","28/10/2028","18:31","false","","4","Ramat Gan"
"הַדְלָקַת נֵרוֹת","3/11/2028","16:30","3/11/2028","16:30","false","פָּרָשַׁת וַיֵּרָא","4","Ramat Gan"
"פָּרָשַׁת וַיֵּרָא","4/11/2028",,,,"true","","3","Torah Reading"
"הַבְדָּלָה","4/11/2028","17:26","4/11/2028","17:26","false","","4","Ramat Gan"
"הַדְלָקַת נֵרוֹת","10/11/2028","16:25","10/11/2028","16:25","false","פָּרָשַׁת חַיֵּי שָֹרָה","4","Ramat Gan"
"פָּרָשַׁת חַיֵּי שָֹרָה","11/11/2028",,,,"true","","3","Torah Reading"
"הַבְדָּלָה","11/11/2028","17:21","11/11/2028","17:21","false","","4","Ramat Gan"
"הַדְלָקַת נֵרוֹת","17/11/2028","16:21","17/11/2028","16:21","false","פָּרָשַׁת תּוֹלְדוֹת","4","Ramat Gan"
"פָּרָשַׁת תּוֹלְדוֹת","18/11/2028",,,,"true","Machar Chodesh","3","Torah Reading"
"הַבְדָּלָה","18/11/2028","17:18","18/11/2028","17:18","false","","4","Ramat Gan"
"הַדְלָקַת נֵרוֹת","24/11/2028","16:19","24/11/2028","16:19","false","פָּרָשַׁת וַיֵּצֵא","4","Ramat Gan"
"פָּרָשַׁת וַיֵּצֵא","25/11/2028",,,,"true","","3","Torah Reading"
"הַבְדָּלָה","25/11/2028","17:16","25/11/2028","17:16","false","","4","Ramat Gan"
"הַדְלָקַת נֵרוֹת","1/12/2028","16:17","1/12/2028","16:17","false","פָּרָשַׁת וַיִּשְׁלַח","4","Ramat Gan"
"פָּרָשַׁת וַיִּשְׁלַח","2/12/2028",,,,"true","","3","Torah Reading"
"הַבְדָּלָה","2/12/2028","17:15","2/12/2028","17:15","false","","4","Ramat Gan"
"הַדְלָקַת נֵרוֹת","8/12/2028","16:18","8/12/2028","16:18","false","פָּרָשַׁת וַיֵּשֶׁב","4","Ramat Gan"
"פָּרָשַׁת וַיֵּשֶׁב","9/12/2028",,,,"true","","3","Torah Reading"
"הַבְדָּלָה","9/12/2028","17:16","9/12/2028","17:16","false","","4","Ramat Gan"
"הַדְלָקַת נֵרוֹת","15/12/2028","16:19","15/12/2028","16:19","false","פָּרָשַׁת מִקֵּץ","4","Ramat Gan"
"פָּרָשַׁת מִקֵּץ","16/12/2028",,,,"true","","3","Torah Reading"
"הַבְדָּלָה","16/12/2028","17:18","16/12/2028","17:18","false","","4","Ramat Gan"
"הַדְלָקַת נֵרוֹת","22/12/2028","16:23","22/12/2028","16:23","false","פָּרָשַׁת וַיִּגַּשׁ","4","Ramat Gan"
"פָּרָשַׁת וַיִּגַּשׁ","23/12/2028",,,,"true","","3","Torah Reading"
"הַבְדָּלָה","23/12/2028","17:21","23/12/2028","17:21","false","","4","Ramat Gan"
"הַדְלָקַת נֵרוֹת","29/12/2028","16:27","29/12/2028","16:27","false","פָּרָשַׁת וַיְחִי","4","Ramat Gan"
"פָּרָשַׁת וַיְחִי","30/12/2028",,,,"true","","3","Torah Reading"
"הַבְדָּלָה","30/12/2028","17:26","30/12/2028","17:26","false","","4","Ramat Gan"
"הַדְלָקַת נֵרוֹת","5/1/2029","16:32","5/1/2029","16:32","false","פָּרָשַׁת שְׁמוֹת","4","Ramat Gan"
"פָּרָשַׁת שְׁמוֹת","6/1/2029",,,,"true","","3","Torah Reading"
"הַבְדָּלָה","6/1/2029","17:31","6/1/2029","17:31","false","","4","Ramat Gan"
"הַדְלָקַת נֵרוֹת","12/1/2029","16:38","12/1/2029","16:38","false","פָּרָשַׁת וָאֵרָא","4","Ramat Gan"
"פָּרָשַׁת וָאֵרָא","13/1/2029",,,,"true","","3","Torah Reading"
"הַבְדָּלָה","13/1/2029","17:36","13/1/2029","17:36","false","","4","Ramat Gan"
"הַדְלָקַת נֵרוֹת","19/1/2029","16:44","19/1/2029","16:44","false","פָּרָשַׁת בֹּא","4","Ramat Gan"
"פָּרָשַׁת בֹּא","20/1/2029",,,,"true","","3","Torah Reading"
"הַבְדָּלָה","20/1/2029","17:42","20/1/2029","17:42","false","","4","Ramat Gan"
"הַדְלָקַת נֵרוֹת","26/1/2029","16:51","26/1/2029","16:51","false","פָּרָשַׁת בְּשַׁלַּח","4","Ramat Gan"
"פָּרָשַׁת בְּשַׁלַּח","27/1/2029",,,,"true","שַׁבָּת שִׁירָה","3","Torah Reading"
"הַבְדָּלָה","27/1/2029","17:48","27/1/2029","17:48","false","","4","Ramat Gan"
"הַדְלָקַת נֵרוֹת","2/2/2029","16:57","2/2/2029","16:57","false","פָּרָשַׁת יִתְרוֹ","4","Ramat Gan"
"פָּרָשַׁת יִתְרוֹ","3/2/2029",,,,"true","","3","Torah Reading"
"הַבְדָּלָה","3/2/2029","17:54","3/2/2029","17:54","false","","4","Ramat Gan"
"הַדְלָקַת נֵרוֹת","9/2/2029","17:03","9/2/2029","17:03","false","פָּרָשַׁת מִּשְׁפָּטִים","4","Ramat Gan"
"פָּרָשַׁת מִּשְׁפָּטִים","10/2/2029",,,,"true","שַׁבָּת שְׁקָלִים","3","Torah Reading"
"הַבְדָּלָה","10/2/2029","18:00","10/2/2029","18:00","false","","4","Ramat Gan"
"הַדְלָקַת נֵרוֹת","16/2/2029","17:09","16/2/2029","17:09","false","פָּרָשַׁת תְּרוּמָה","4","Ramat Gan"
"פָּרָשַׁת תְּרוּמָה","17/2/2029",,,,"true","","3","Torah Reading"
"הַבְדָּלָה","17/2/2029","18:06","17/2/2029","18:06","false","","4","Ramat Gan"
"הַדְלָקַת נֵרוֹת","23/2/2029","17:15","23/2/2029","17:15","false","פָּרָשַׁת תְּצַוֶּה","4","Ramat Gan"
"פָּרָשַׁת תְּצַוֶּה","24/2/2029",,,,"true","שַׁבָּת זָכוֹר","3","Torah Reading"
"הַבְדָּלָה","24/2/2029","18:11","24/2/2029","18:11","false","","4","Ramat Gan"
"הַדְלָקַת נֵרוֹת","2/3/2029","17:21","2/3/2029","17:21","false","פָּרָשַׁת כִּי תִשָּׂא","4","Ramat Gan"
"פָּרָשַׁת כִּי תִשָּׂא","3/3/2029",,,,"true","","3","Torah Reading"
"הַבְדָּלָה","3/3/2029","18:16","3/3/2029","18:16","false","","4","Ramat Gan"
"הַדְלָקַת נֵרוֹת","9/3/2029","17:26","9/3/2029","17:26","false","פָּרָשַׁת וַיַּקְהֵל־פְקוּדֵי","4","Ramat Gan"
"פָּרָשַׁת וַיַּקְהֵל־פְקוּדֵי","10/3/2029",,,,"true","שַׁבָּת פּרה","3","Torah Reading"
"הַבְדָּלָה","10/3/2029","18:21","10/3/2029","18:21","false","","4","Ramat Gan"
"הַדְלָקַת נֵרוֹת","16/3/2029","17:31","16/3/2029","17:31","false","פָּרָשַׁת וַיִּקְרָא","4","Ramat Gan"
"פָּרָשַׁת וַיִּקְרָא","17/3/2029",,,,"true","שַׁבָּת הַחֹדֶשׁ + רֹאשׁ חוֹדֶשׁ נִיסָן","3","Torah Reading"
"הַבְדָּלָה","17/3/2029","18:26","17/3/2029","18:26","false","","4","Ramat Gan"
"הַדְלָקַת נֵרוֹת","23/3/2029","18:36","23/3/2029","18:36","false","פָּרָשַׁת צַו","4","Ramat Gan"
"פָּרָשַׁת צַו","24/3/2029",,,,"true","שַׁבָּת הַגָּדוֹל","3","Torah Reading"
"הַבְדָּלָה","24/3/2029","19:31","24/3/2029","19:31","false","","4","Ramat Gan"
"הַדְלָקַת נֵרוֹת","30/3/2029","18:41","30/3/2029","18:41","false","פָּרָשַׁת פֶּסַח","4","Ramat Gan"
"הַבְדָּלָה","31/3/2029","19:36","31/3/2029","19:36","false","","4","Ramat Gan"
"הַדְלָקַת נֵרוֹת","6/4/2029","18:45","6/4/2029","18:45","false","פָּרָשַׁת שְּׁמִינִי","4","Ramat Gan"
"פָּרָשַׁת שְּׁמִינִי","7/4/2029",,,,"true","","3","Torah Reading"
"הַבְדָּלָה","7/4/2029","19:42","7/4/2029","19:42","false","","4","Ramat Gan"
"הַדְלָקַת נֵרוֹת","13/4/2029","18:50","13/4/2029","18:50","false","פָּרָשַׁת תַזְרִיעַ־מְּצֹרָע","4","Ramat Gan"
"פָּרָשַׁת תַזְרִיעַ־מְּצֹרָע","14/4/2029",,,,"true","Machar Chodesh","3","Torah Reading"
"הַבְדָּלָה","14/4/2029","19:47","14/4/2029","19:47","false","","4","Ramat Gan"
"הַדְלָקַת נֵרוֹת","20/4/2029","18:55","20/4/2029","18:55","false","פָּרָשַׁת אַחֲרֵי מוֹת־קְדשִׁים","4","Ramat Gan"
"פָּרָשַׁת אַחֲרֵי מוֹת־קְדשִׁים","21/4/2029",,,,"true","","3","Torah Reading"
"הַבְדָּלָה","21/4/2029","19:52","21/4/2029","19:52","false","","4","Ramat Gan"
"הַדְלָקַת נֵרוֹת","27/4/2029","19:00","27/4/2029","19:00","false","פָּרָשַׁת אֱמוֹר","4","Ramat Gan"
"פָּרָשַׁת אֱמוֹר","28/4/2029",,,,"true","","3","Torah Reading"
"הַבְדָּלָה","28/4/2029","19:58","28/4/2029","19:58","false","","4","Ramat Gan"
"הַדְלָקַת נֵרוֹת","4/5/2029","19:05","4/5/2029","19:05","false","פָּרָשַׁת בְּהַר","4","Ramat Gan"
"פָּרָשַׁת בְּהַר","5/5/2029",,,,"true","","3","Torah Reading"
"הַבְדָּלָה","5/5/2029","20:04","5/5/2029","20:04","false","","4","Ramat Gan"
"הַדְלָקַת נֵרוֹת","11/5/2029","19:10","11/5/2029","19:10","false","פָּרָשַׁת בְּחֻקֹּתַי","4","Ramat Gan"
"פָּרָשַׁת בְּחֻקֹּתַי","12/5/2029",,,,"true","","3","Torah Reading"
"הַבְדָּלָה","12/5/2029","20:09","12/5/2029","20:09","false","","4","Ramat Gan"
"הַדְלָקַת נֵרוֹת","18/5/2029","19:15","18/5/2029","19:15","false","פָּרָשַׁת בְּמִדְבַּר","4","Ramat Gan"
"פָּרָשַׁת בְּמִדְבַּר","19/5/2029",,,,"true","","3","Torah Reading"
"הַבְדָּלָה","19/5/2029","20:15","19/5/2029","20:15","false","","4","Ramat Gan"
"הַדְלָקַת נֵרוֹת","25/5/2029","19:20","25/5/2029","19:20","false","פָּרָשַׁת נָשׂא","4","Ramat Gan"
"פָּרָשַׁת נָשׂא","26/5/2029",,,,"true","","3","Torah Reading"
"הַבְדָּלָה","26/5/2029","20:20","26/5/2029","20:20","false","","4","Ramat Gan"
"הַדְלָקַת נֵרוֹת","1/6/2029","19:24","1/6/2029","19:24","false","פָּרָשַׁת בְּהַעֲלֹתְךָ","4","Ramat Gan"
"פָּרָשַׁת בְּהַעֲלֹתְךָ","2/6/2029",,,,"true","","3","Torah Reading"
"הַבְדָּלָה","2/6/2029","20:25","2/6/2029","20:25","false","","4","Ramat Gan"
"הַדְלָקַת נֵרוֹת","8/6/2029","19:27","8/6/2029","19:27","false","פָּרָשַׁת שְׁלַח־לְךָ","4","Ramat Gan"
"פָּרָשַׁת שְׁלַח־לְךָ","9/6/2029",,,,"true","","3","Torah Reading"
"הַבְדָּלָה","9/6/2029","20:29","9/6/2029","20:29","false","","4","Ramat Gan"
"הַדְלָקַת נֵרוֹת","15/6/2029","19:30","15/6/2029","19:30","false","פָּרָשַׁת קֹרַח","4","Ramat Gan"
"פָּרָשַׁת קֹרַח","16/6/2029",,,,"true","","3","Torah Reading"
"הַבְדָּלָה","16/6/2029","20:31","16/6/2029","20:31","false","","4","Ramat Gan"
"הַדְלָקַת נֵרוֹת","22/6/2029","19:32","22/6/2029","19:32","false","פָּרָשַׁת חֻקַּת","4","Ramat Gan"
"פָּרָשַׁת חֻקַּת","23/6/2029",,,,"true","","3","Torah Reading"
"הַבְדָּלָה","23/6/2029","20:33","23/6/2029","20:33","false","","4","Ramat Gan"
"הַדְלָקַת נֵרוֹת","29/6/2029","19:33","29/6/2029","19:33","false","פָּרָשַׁת בָּלָק","4","Ramat Gan"
"פָּרָשַׁת בָּלָק","30/6/2029",,,,"true","","3","Torah Reading"
"הַבְדָּלָה","30/6/2029","20:33","30/6/2029","20:33","false","","4","Ramat Gan"
"הַדְלָקַת נֵרוֹת","6/7/2029","19:32","6/7/2029","19:32","false","פָּרָשַׁת פִּינְחָס","4","Ramat Gan"
"פָּרָשַׁת פִּינְחָס","7/7/2029",,,,"true","","3","Torah Reading"
"הַבְדָּלָה","7/7/2029","20:32","7/7/2029","20:32","false","","4","Ramat Gan"
"הַדְלָקַת נֵרוֹת","13/7/2029","19:30","13/7/2029","19:30","false","פָּרָשַׁת מַּטּוֹת־מַסְעֵי","4","Ramat Gan"
"פָּרָשַׁת מַּטּוֹת־מַסְעֵי","14/7/2029",,,,"true","","3","Torah Reading"
"הַבְדָּלָה","14/7/2029","20:30","14/7/2029","20:30","false","","4","Ramat Gan"
"הַדְלָקַת נֵרוֹת","20/7/2029","19:27","20/7/2029","19:27","false","פָּרָשַׁת דְּבָרִים","4","Ramat Gan"
"תחילת הַצוֹם","21/7/2029","19:45","21/7/2029","19:45","false","עֶרֶב תִּשְׁעָה בְּאָב","4","Ramat Gan"
"פָּרָשַׁת דְּבָרִים","21/7/2029",,,,"true","שַׁבָּת חֲזוֹן","3","Torah Reading"
"הַבְדָּלָה","21/7/2029","20:26","21/7/2029","20:26","false","","4","Ramat Gan"
"סִיּוּם הַצוֹם","22/7/2029","20:18","22/7/2029","20:18","false","תִּשְׁעָה בְּאָב נִדחֶה","4","Ramat Gan"
"הַדְלָקַת נֵרוֹת","27/7/2029","19:23","27/7/2029","19:23","false","פָּרָשַׁת וָאֶתְחַנַּן","4","Ramat Gan"
"פָּרָשַׁת וָאֶתְחַנַּן","28/7/2029",,,,"true","שַׁבָּת נַחֲמוּ","3","Torah Reading"
"הַבְדָּלָה","28/7/2029","20:21","28/7/2029","20:21","false","","4","Ramat Gan"
"הַדְלָקַת נֵרוֹת","3/8/2029","19:18","3/8/2029","19:18","false","פָּרָשַׁת עֵקֶב","4","Ramat Gan"
"פָּרָשַׁת עֵקֶב","4/8/2029",,,,"true","","3","Torah Reading"
"הַבְדָּלָה","4/8/2029","20:15","4/8/2029","20:15","false","","4","Ramat Gan"
"הַדְלָקַת נֵרוֹת","10/8/2029","19:11","10/8/2029","19:11","false","פָּרָשַׁת רְאֵה","4","Ramat Gan"
"פָּרָשַׁת רְאֵה","11/8/2029",,,,"true","רֹאשׁ חוֹדֶשׁ אֱלוּל","3","Torah Reading"
"הַבְדָּלָה","11/8/2029","20:08","11/8/2029","20:08","false","","4","Ramat Gan"
"הַדְלָקַת נֵרוֹת","17/8/2029","19:04","17/8/2029","19:04","false","פָּרָשַׁת שׁוֹפְטִים","4","Ramat Gan"
"פָּרָשַׁת שׁוֹפְטִים","18/8/2029",,,,"true","","3","Torah Reading"
"הַבְדָּלָה","18/8/2029","20:00","18/8/2029","20:00","false","","4","Ramat Gan"
"הַדְלָקַת נֵרוֹת","24/8/2029","18:56","24/8/2029","18:56","false","פָּרָשַׁת כִּי־תֵצֵא","4","Ramat Gan"
"פָּרָשַׁת כִּי־תֵצֵא","25/8/2029",,,,"true","","3","Torah Reading"
"הַבְדָּלָה","25/8/2029","19:51","25/8/2029","19:51","false","","4","Ramat Gan"
"הַדְלָקַת נֵרוֹת","31/8/2029","18:48","31/8/2029","18:48","false","פָּרָשַׁת כִּי־תָבוֹא","4","Ramat Gan"
"פָּרָשַׁת כִּי־תָבוֹא","1/9/2029",,,,"true","","3","Torah Reading"
"הַבְדָּלָה","1/9/2029","19:42","1/9/2029","19:42","false","","4","Ramat Gan"
"הַדְלָקַת נֵרוֹת","7/9/2029","18:39","7/9/2029","18:39","false","פָּרָשַׁת נִצָּבִים","4","Ramat Gan"
"פָּרָשַׁת נִצָּבִים","8/9/2029",,,,"true","","3","Torah Reading"
"הַבְדָּלָה","8/9/2029","19:33","8/9/2029","19:33","false","","4","Ramat Gan"
